net_num,ExtraPeri,FrontoTemp,Centrality,area,WordType,LesionType,activation
0,extra,frontal,primary,M1-L,object,no,0.0
0,extra,frontal,primary,M1-L,object,V1,0.0
0,extra,frontal,primary,M1-L,object,M1,0.0
0,extra,frontal,primary,M1-L,action,no,2.1666666666666665
0,extra,frontal,primary,M1-L,action,V1,2.0
0,extra,frontal,primary,M1-L,action,M1,0.0
0,extra,frontal,secondary,PM-L,object,no,4.5
0,extra,frontal,secondary,PM-L,object,V1,4.5
0,extra,frontal,secondary,PM-L,object,M1,4.5
0,extra,frontal,secondary,PM-L,action,no,2.5
0,extra,frontal,secondary,PM-L,action,V1,2.5
0,extra,frontal,secondary,PM-L,action,M1,2.3333333333333335
0,extra,frontal,central,PF-L,object,no,17.5
0,extra,frontal,central,PF-L,object,V1,17.5
0,extra,frontal,central,PF-L,object,M1,18.166666666666668
0,extra,frontal,central,PF-L,action,no,11.0
0,extra,frontal,central,PF-L,action,V1,11.0
0,extra,frontal,central,PF-L,action,M1,10.666666666666666
0,extra,temporal,primary,V1,object,no,2.0
0,extra,temporal,primary,V1,object,V1,0.0
0,extra,temporal,primary,V1,object,M1,2.0
0,extra,temporal,primary,V1,action,no,0.0
0,extra,temporal,primary,V1,action,V1,0.0
0,extra,temporal,primary,V1,action,M1,0.0
0,extra,temporal,secondary,TO,object,no,4.5
0,extra,temporal,secondary,TO,object,V1,3.8333333333333335
0,extra,temporal,secondary,TO,object,M1,4.5
0,extra,temporal,secondary,TO,action,no,3.8333333333333335
0,extra,temporal,secondary,TO,action,V1,3.8333333333333335
0,extra,temporal,secondary,TO,action,M1,3.8333333333333335
0,extra,temporal,central,AT,object,no,15.333333333333334
0,extra,temporal,central,AT,object,V1,15.0
0,extra,temporal,central,AT,object,M1,15.5
0,extra,temporal,central,AT,action,no,12.333333333333334
0,extra,temporal,central,AT,action,V1,12.5
0,extra,temporal,central,AT,action,M1,12.333333333333334
0,peri,frontal,primary,M1-i,object,no,2.6666666666666665
0,peri,frontal,primary,M1-i,object,V1,2.5
0,peri,frontal,primary,M1-i,object,M1,2.5
0,peri,frontal,primary,M1-i,action,no,2.8333333333333335
0,peri,frontal,primary,M1-i,action,V1,2.8333333333333335
0,peri,frontal,primary,M1-i,action,M1,2.8333333333333335
0,peri,frontal,secondary,PM-i,object,no,3.1666666666666665
0,peri,frontal,secondary,PM-i,object,V1,3.1666666666666665
0,peri,frontal,secondary,PM-i,object,M1,3.1666666666666665
0,peri,frontal,secondary,PM-i,action,no,2.1666666666666665
0,peri,frontal,secondary,PM-i,action,V1,2.1666666666666665
0,peri,frontal,secondary,PM-i,action,M1,2.1666666666666665
0,peri,frontal,central,PF-i,object,no,8.5
0,peri,frontal,central,PF-i,object,V1,8.5
0,peri,frontal,central,PF-i,object,M1,9.166666666666666
0,peri,frontal,central,PF-i,action,no,6.833333333333333
0,peri,frontal,central,PF-i,action,V1,6.833333333333333
0,peri,frontal,central,PF-i,action,M1,6.833333333333333
0,peri,temporal,primary,A1,object,no,1.8333333333333333
0,peri,temporal,primary,A1,object,V1,1.8333333333333333
0,peri,temporal,primary,A1,object,M1,1.8333333333333333
0,peri,temporal,primary,A1,action,no,2.8333333333333335
0,peri,temporal,primary,A1,action,V1,2.8333333333333335
0,peri,temporal,primary,A1,action,M1,2.8333333333333335
0,peri,temporal,secondary,AB,object,no,3.0
0,peri,temporal,secondary,AB,object,V1,3.0
0,peri,temporal,secondary,AB,object,M1,3.0
0,peri,temporal,secondary,AB,action,no,3.0
0,peri,temporal,secondary,AB,action,V1,3.0
0,peri,temporal,secondary,AB,action,M1,3.0
0,peri,temporal,central,PB,object,no,12.666666666666666
0,peri,temporal,central,PB,object,V1,12.666666666666666
0,peri,temporal,central,PB,object,M1,12.833333333333334
0,peri,temporal,central,PB,action,no,7.833333333333333
0,peri,temporal,central,PB,action,V1,7.833333333333333
0,peri,temporal,central,PB,action,M1,7.833333333333333
1,extra,frontal,primary,M1-L,object,no,0.0
1,extra,frontal,primary,M1-L,object,V1,0.0
1,extra,frontal,primary,M1-L,object,M1,0.0
1,extra,frontal,primary,M1-L,action,no,2.8333333333333335
1,extra,frontal,primary,M1-L,action,V1,2.8333333333333335
1,extra,frontal,primary,M1-L,action,M1,0.0
1,extra,frontal,secondary,PM-L,object,no,5.0
1,extra,frontal,secondary,PM-L,object,V1,5.0
1,extra,frontal,secondary,PM-L,object,M1,5.0
1,extra,frontal,secondary,PM-L,action,no,7.166666666666667
1,extra,frontal,secondary,PM-L,action,V1,7.166666666666667
1,extra,frontal,secondary,PM-L,action,M1,6.333333333333333
1,extra,frontal,central,PF-L,object,no,20.666666666666668
1,extra,frontal,central,PF-L,object,V1,20.666666666666668
1,extra,frontal,central,PF-L,object,M1,20.666666666666668
1,extra,frontal,central,PF-L,action,no,21.666666666666668
1,extra,frontal,central,PF-L,action,V1,22.0
1,extra,frontal,central,PF-L,action,M1,21.666666666666668
1,extra,temporal,primary,V1,object,no,3.0
1,extra,temporal,primary,V1,object,V1,0.0
1,extra,temporal,primary,V1,object,M1,3.0
1,extra,temporal,primary,V1,action,no,0.0
1,extra,temporal,primary,V1,action,V1,0.0
1,extra,temporal,primary,V1,action,M1,0.0
1,extra,temporal,secondary,TO,object,no,7.833333333333333
1,extra,temporal,secondary,TO,object,V1,6.833333333333333
1,extra,temporal,secondary,TO,object,M1,7.833333333333333
1,extra,temporal,secondary,TO,action,no,5.666666666666667
1,extra,temporal,secondary,TO,action,V1,5.833333333333333
1,extra,temporal,secondary,TO,action,M1,5.666666666666667
1,extra,temporal,central,AT,object,no,16.333333333333332
1,extra,temporal,central,AT,object,V1,16.166666666666668
1,extra,temporal,central,AT,object,M1,16.5
1,extra,temporal,central,AT,action,no,23.833333333333332
1,extra,temporal,central,AT,action,V1,24.166666666666668
1,extra,temporal,central,AT,action,M1,23.833333333333332
1,peri,frontal,primary,M1-i,object,no,3.1666666666666665
1,peri,frontal,primary,M1-i,object,V1,3.1666666666666665
1,peri,frontal,primary,M1-i,object,M1,3.1666666666666665
1,peri,frontal,primary,M1-i,action,no,4.166666666666667
1,peri,frontal,primary,M1-i,action,V1,4.166666666666667
1,peri,frontal,primary,M1-i,action,M1,4.166666666666667
1,peri,frontal,secondary,PM-i,object,no,3.5
1,peri,frontal,secondary,PM-i,object,V1,3.5
1,peri,frontal,secondary,PM-i,object,M1,3.5
1,peri,frontal,secondary,PM-i,action,no,5.833333333333333
1,peri,frontal,secondary,PM-i,action,V1,5.833333333333333
1,peri,frontal,secondary,PM-i,action,M1,5.833333333333333
1,peri,frontal,central,PF-i,object,no,15.666666666666666
1,peri,frontal,central,PF-i,object,V1,15.666666666666666
1,peri,frontal,central,PF-i,object,M1,15.666666666666666
1,peri,frontal,central,PF-i,action,no,14.166666666666666
1,peri,frontal,central,PF-i,action,V1,14.166666666666666
1,peri,frontal,central,PF-i,action,M1,14.166666666666666
1,peri,temporal,primary,A1,object,no,3.3333333333333335
1,peri,temporal,primary,A1,object,V1,3.3333333333333335
1,peri,temporal,primary,A1,object,M1,3.3333333333333335
1,peri,temporal,primary,A1,action,no,3.6666666666666665
1,peri,temporal,primary,A1,action,V1,3.6666666666666665
1,peri,temporal,primary,A1,action,M1,3.6666666666666665
1,peri,temporal,secondary,AB,object,no,4.0
1,peri,temporal,secondary,AB,object,V1,4.0
1,peri,temporal,secondary,AB,object,M1,4.166666666666667
1,peri,temporal,secondary,AB,action,no,4.166666666666667
1,peri,temporal,secondary,AB,action,V1,4.166666666666667
1,peri,temporal,secondary,AB,action,M1,4.166666666666667
1,peri,temporal,central,PB,object,no,13.166666666666666
1,peri,temporal,central,PB,object,V1,13.166666666666666
1,peri,temporal,central,PB,object,M1,13.333333333333334
1,peri,temporal,central,PB,action,no,13.0
1,peri,temporal,central,PB,action,V1,12.833333333333334
1,peri,temporal,central,PB,action,M1,13.0
2,extra,frontal,primary,M1-L,object,no,0.0
2,extra,frontal,primary,M1-L,object,V1,0.0
2,extra,frontal,primary,M1-L,object,M1,0.0
2,extra,frontal,primary,M1-L,action,no,2.1666666666666665
2,extra,frontal,primary,M1-L,action,V1,2.1666666666666665
2,extra,frontal,primary,M1-L,action,M1,0.0
2,extra,frontal,secondary,PM-L,object,no,7.333333333333333
2,extra,frontal,secondary,PM-L,object,V1,7.333333333333333
2,extra,frontal,secondary,PM-L,object,M1,7.333333333333333
2,extra,frontal,secondary,PM-L,action,no,4.833333333333333
2,extra,frontal,secondary,PM-L,action,V1,4.833333333333333
2,extra,frontal,secondary,PM-L,action,M1,4.5
2,extra,frontal,central,PF-L,object,no,20.333333333333332
2,extra,frontal,central,PF-L,object,V1,20.333333333333332
2,extra,frontal,central,PF-L,object,M1,20.666666666666668
2,extra,frontal,central,PF-L,action,no,13.166666666666666
2,extra,frontal,central,PF-L,action,V1,13.166666666666666
2,extra,frontal,central,PF-L,action,M1,13.166666666666666
2,extra,temporal,primary,V1,object,no,1.1666666666666667
2,extra,temporal,primary,V1,object,V1,0.0
2,extra,temporal,primary,V1,object,M1,1.1666666666666667
2,extra,temporal,primary,V1,action,no,0.0
2,extra,temporal,primary,V1,action,V1,0.0
2,extra,temporal,primary,V1,action,M1,0.0
2,extra,temporal,secondary,TO,object,no,2.5
2,extra,temporal,secondary,TO,object,V1,2.5
2,extra,temporal,secondary,TO,object,M1,2.5
2,extra,temporal,secondary,TO,action,no,5.0
2,extra,temporal,secondary,TO,action,V1,5.0
2,extra,temporal,secondary,TO,action,M1,5.0
2,extra,temporal,central,AT,object,no,14.0
2,extra,temporal,central,AT,object,V1,14.0
2,extra,temporal,central,AT,object,M1,14.166666666666666
2,extra,temporal,central,AT,action,no,15.333333333333334
2,extra,temporal,central,AT,action,V1,15.333333333333334
2,extra,temporal,central,AT,action,M1,15.333333333333334
2,peri,frontal,primary,M1-i,object,no,2.6666666666666665
2,peri,frontal,primary,M1-i,object,V1,2.6666666666666665
2,peri,frontal,primary,M1-i,object,M1,2.6666666666666665
2,peri,frontal,primary,M1-i,action,no,2.6666666666666665
2,peri,frontal,primary,M1-i,action,V1,2.6666666666666665
2,peri,frontal,primary,M1-i,action,M1,2.6666666666666665
2,peri,frontal,secondary,PM-i,object,no,3.0
2,peri,frontal,secondary,PM-i,object,V1,3.0
2,peri,frontal,secondary,PM-i,object,M1,3.0
2,peri,frontal,secondary,PM-i,action,no,3.3333333333333335
2,peri,frontal,secondary,PM-i,action,V1,3.3333333333333335
2,peri,frontal,secondary,PM-i,action,M1,3.3333333333333335
2,peri,frontal,central,PF-i,object,no,9.0
2,peri,frontal,central,PF-i,object,V1,9.0
2,peri,frontal,central,PF-i,object,M1,9.166666666666666
2,peri,frontal,central,PF-i,action,no,8.666666666666666
2,peri,frontal,central,PF-i,action,V1,8.666666666666666
2,peri,frontal,central,PF-i,action,M1,8.666666666666666
2,peri,temporal,primary,A1,object,no,2.1666666666666665
2,peri,temporal,primary,A1,object,V1,2.1666666666666665
2,peri,temporal,primary,A1,object,M1,2.1666666666666665
2,peri,temporal,primary,A1,action,no,2.8333333333333335
2,peri,temporal,primary,A1,action,V1,2.8333333333333335
2,peri,temporal,primary,A1,action,M1,2.8333333333333335
2,peri,temporal,secondary,AB,object,no,2.6666666666666665
2,peri,temporal,secondary,AB,object,V1,2.6666666666666665
2,peri,temporal,secondary,AB,object,M1,2.6666666666666665
2,peri,temporal,secondary,AB,action,no,3.0
2,peri,temporal,secondary,AB,action,V1,3.0
2,peri,temporal,secondary,AB,action,M1,3.0
2,peri,temporal,central,PB,object,no,14.333333333333334
2,peri,temporal,central,PB,object,V1,14.333333333333334
2,peri,temporal,central,PB,object,M1,14.333333333333334
2,peri,temporal,central,PB,action,no,8.166666666666666
2,peri,temporal,central,PB,action,V1,8.166666666666666
2,peri,temporal,central,PB,action,M1,8.166666666666666
3,extra,frontal,primary,M1-L,object,no,0.0
3,extra,frontal,primary,M1-L,object,V1,0.0
3,extra,frontal,primary,M1-L,object,M1,0.0
3,extra,frontal,primary,M1-L,action,no,2.8333333333333335
3,extra,frontal,primary,M1-L,action,V1,2.8333333333333335
3,extra,frontal,primary,M1-L,action,M1,0.0
3,extra,frontal,secondary,PM-L,object,no,6.666666666666667
3,extra,frontal,secondary,PM-L,object,V1,6.666666666666667
3,extra,frontal,secondary,PM-L,object,M1,6.666666666666667
3,extra,frontal,secondary,PM-L,action,no,7.0
3,extra,frontal,secondary,PM-L,action,V1,7.0
3,extra,frontal,secondary,PM-L,action,M1,6.666666666666667
3,extra,frontal,central,PF-L,object,no,26.166666666666668
3,extra,frontal,central,PF-L,object,V1,26.166666666666668
3,extra,frontal,central,PF-L,object,M1,26.166666666666668
3,extra,frontal,central,PF-L,action,no,17.5
3,extra,frontal,central,PF-L,action,V1,17.5
3,extra,frontal,central,PF-L,action,M1,17.333333333333332
3,extra,temporal,primary,V1,object,no,4.5
3,extra,temporal,primary,V1,object,V1,0.0
3,extra,temporal,primary,V1,object,M1,4.5
3,extra,temporal,primary,V1,action,no,0.0
3,extra,temporal,primary,V1,action,V1,0.0
3,extra,temporal,primary,V1,action,M1,0.0
3,extra,temporal,secondary,TO,object,no,10.166666666666666
3,extra,temporal,secondary,TO,object,V1,9.0
3,extra,temporal,secondary,TO,object,M1,10.166666666666666
3,extra,temporal,secondary,TO,action,no,5.5
3,extra,temporal,secondary,TO,action,V1,5.5
3,extra,temporal,secondary,TO,action,M1,5.5
3,extra,temporal,central,AT,object,no,24.333333333333332
3,extra,temporal,central,AT,object,V1,23.5
3,extra,temporal,central,AT,object,M1,24.166666666666668
3,extra,temporal,central,AT,action,no,23.166666666666668
3,extra,temporal,central,AT,action,V1,23.0
3,extra,temporal,central,AT,action,M1,23.166666666666668
3,peri,frontal,primary,M1-i,object,no,1.6666666666666667
3,peri,frontal,primary,M1-i,object,V1,1.6666666666666667
3,peri,frontal,primary,M1-i,object,M1,1.6666666666666667
3,peri,frontal,primary,M1-i,action,no,2.0
3,peri,frontal,primary,M1-i,action,V1,2.0
3,peri,frontal,primary,M1-i,action,M1,2.0
3,peri,frontal,secondary,PM-i,object,no,3.5
3,peri,frontal,secondary,PM-i,object,V1,3.5
3,peri,frontal,secondary,PM-i,object,M1,3.5
3,peri,frontal,secondary,PM-i,action,no,4.0
3,peri,frontal,secondary,PM-i,action,V1,4.0
3,peri,frontal,secondary,PM-i,action,M1,4.0
3,peri,frontal,central,PF-i,object,no,14.0
3,peri,frontal,central,PF-i,object,V1,14.0
3,peri,frontal,central,PF-i,object,M1,14.0
3,peri,frontal,central,PF-i,action,no,13.666666666666666
3,peri,frontal,central,PF-i,action,V1,13.666666666666666
3,peri,frontal,central,PF-i,action,M1,13.666666666666666
3,peri,temporal,primary,A1,object,no,2.8333333333333335
3,peri,temporal,primary,A1,object,V1,2.8333333333333335
3,peri,temporal,primary,A1,object,M1,2.8333333333333335
3,peri,temporal,primary,A1,action,no,1.6666666666666667
3,peri,temporal,primary,A1,action,V1,1.6666666666666667
3,peri,temporal,primary,A1,action,M1,1.6666666666666667
3,peri,temporal,secondary,AB,object,no,6.0
3,peri,temporal,secondary,AB,object,V1,6.0
3,peri,temporal,secondary,AB,object,M1,6.0
3,peri,temporal,secondary,AB,action,no,4.0
3,peri,temporal,secondary,AB,action,V1,4.0
3,peri,temporal,secondary,AB,action,M1,4.0
3,peri,temporal,central,PB,object,no,21.333333333333332
3,peri,temporal,central,PB,object,V1,21.333333333333332
3,peri,temporal,central,PB,object,M1,21.333333333333332
3,peri,temporal,central,PB,action,no,11.5
3,peri,temporal,central,PB,action,V1,11.5
3,peri,temporal,central,PB,action,M1,11.5
