net_num,ExtraPeri,WordType,LesionType,activation
0,extra,object,no,43.833333333333336
0,extra,object,V1,40.83333333333333
0,extra,object,M1,44.66666666666667
0,extra,action,no,31.833333333333336
0,extra,action,V1,31.833333333333332
0,extra,action,M1,29.166666666666664
0,peri,object,no,31.83333333333333
0,peri,object,V1,31.666666666666664
0,peri,object,M1,32.5
0,peri,action,no,25.499999999999996
0,peri,action,V1,25.499999999999996
0,peri,action,M1,25.499999999999996
1,extra,object,no,52.83333333333333
1,extra,object,V1,48.66666666666667
1,extra,object,M1,53.0
1,extra,action,no,61.16666666666667
1,extra,action,V1,62.0
1,extra,action,M1,57.5
1,peri,object,no,42.83333333333333
1,peri,object,V1,42.83333333333333
1,peri,object,M1,43.166666666666664
1,peri,action,no,45.0
1,peri,action,V1,44.833333333333336
1,peri,action,M1,45.0
2,extra,object,no,45.33333333333333
2,extra,object,V1,44.166666666666664
2,extra,object,M1,45.833333333333336
2,extra,action,no,40.5
2,extra,action,V1,40.5
2,extra,action,M1,38.0
2,peri,object,no,33.833333333333336
2,peri,object,V1,33.833333333333336
2,peri,object,M1,34.0
2,peri,action,no,28.666666666666664
2,peri,action,V1,28.666666666666664
2,peri,action,M1,28.666666666666664
3,extra,object,no,71.83333333333333
3,extra,object,V1,65.33333333333334
3,extra,object,M1,71.66666666666667
3,extra,action,no,56.0
3,extra,action,V1,55.833333333333336
3,extra,action,M1,52.66666666666667
3,peri,object,no,49.33333333333333
3,peri,object,V1,49.33333333333333
3,peri,object,M1,49.33333333333333
3,peri,action,no,36.83333333333333
3,peri,action,V1,36.83333333333333
3,peri,action,M1,36.83333333333333
