net_num,ExtraPeri,FrontoTemp,Centrality,area,WordType,activation
0,extra,frontal,primary,M1-L,object,0.0
0,extra,frontal,primary,M1-L,action,6.0
0,extra,frontal,secondary,PM-L,object,5.166666666666667
0,extra,frontal,secondary,PM-L,action,10.5
0,extra,frontal,central,PF-L,object,33.166666666666664
0,extra,frontal,central,PF-L,action,36.333333333333336
0,extra,temporal,primary,V1,object,2.6666666666666665
0,extra,temporal,primary,V1,action,0.0
0,extra,temporal,secondary,TO,object,5.5
0,extra,temporal,secondary,TO,action,8.333333333333334
0,extra,temporal,central,AT,object,30.333333333333332
0,extra,temporal,central,AT,action,41.333333333333336
0,peri,frontal,primary,M1-i,object,10.0
0,peri,frontal,primary,M1-i,action,8.833333333333334
0,peri,frontal,secondary,PM-i,object,14.833333333333334
0,peri,frontal,secondary,PM-i,action,13.666666666666666
0,peri,frontal,central,PF-i,object,30.666666666666668
0,peri,frontal,central,PF-i,action,37.166666666666664
0,peri,temporal,primary,A1,object,10.333333333333334
0,peri,temporal,primary,A1,action,11.5
0,peri,temporal,secondary,AB,object,11.666666666666666
0,peri,temporal,secondary,AB,action,14.333333333333334
0,peri,temporal,central,PB,object,32.166666666666664
0,peri,temporal,central,PB,action,35.833333333333336
1,extra,frontal,primary,M1-L,object,0.0
1,extra,frontal,primary,M1-L,action,6.333333333333333
1,extra,frontal,secondary,PM-L,object,5.166666666666667
1,extra,frontal,secondary,PM-L,action,13.833333333333334
1,extra,frontal,central,PF-L,object,30.166666666666668
1,extra,frontal,central,PF-L,action,32.5
1,extra,temporal,primary,V1,object,7.333333333333333
1,extra,temporal,primary,V1,action,0.0
1,extra,temporal,secondary,TO,object,13.833333333333334
1,extra,temporal,secondary,TO,action,7.666666666666667
1,extra,temporal,central,AT,object,29.333333333333332
1,extra,temporal,central,AT,action,36.166666666666664
1,peri,frontal,primary,M1-i,object,8.5
1,peri,frontal,primary,M1-i,action,8.833333333333334
1,peri,frontal,secondary,PM-i,object,10.5
1,peri,frontal,secondary,PM-i,action,12.333333333333334
1,peri,frontal,central,PF-i,object,27.666666666666668
1,peri,frontal,central,PF-i,action,30.666666666666668
1,peri,temporal,primary,A1,object,8.0
1,peri,temporal,primary,A1,action,9.333333333333334
1,peri,temporal,secondary,AB,object,7.166666666666667
1,peri,temporal,secondary,AB,action,15.833333333333334
1,peri,temporal,central,PB,object,25.5
1,peri,temporal,central,PB,action,29.166666666666668
2,extra,frontal,primary,M1-L,object,0.0
2,extra,frontal,primary,M1-L,action,3.5
2,extra,frontal,secondary,PM-L,object,6.5
2,extra,frontal,secondary,PM-L,action,8.333333333333334
2,extra,frontal,central,PF-L,object,33.0
2,extra,frontal,central,PF-L,action,28.333333333333332
2,extra,temporal,primary,V1,object,6.0
2,extra,temporal,primary,V1,action,0.0
2,extra,temporal,secondary,TO,object,14.833333333333334
2,extra,temporal,secondary,TO,action,7.0
2,extra,temporal,central,AT,object,28.0
2,extra,temporal,central,AT,action,35.666666666666664
2,peri,frontal,primary,M1-i,object,10.666666666666666
2,peri,frontal,primary,M1-i,action,7.833333333333333
2,peri,frontal,secondary,PM-i,object,10.5
2,peri,frontal,secondary,PM-i,action,8.0
2,peri,frontal,central,PF-i,object,28.333333333333332
2,peri,frontal,central,PF-i,action,32.166666666666664
2,peri,temporal,primary,A1,object,8.166666666666666
2,peri,temporal,primary,A1,action,9.0
2,peri,temporal,secondary,AB,object,12.5
2,peri,temporal,secondary,AB,action,11.666666666666666
2,peri,temporal,central,PB,object,30.5
2,peri,temporal,central,PB,action,27.833333333333332
3,extra,frontal,primary,M1-L,object,0.0
3,extra,frontal,primary,M1-L,action,6.5
3,extra,frontal,secondary,PM-L,object,7.5
3,extra,frontal,secondary,PM-L,action,15.333333333333334
3,extra,frontal,central,PF-L,object,37.833333333333336
3,extra,frontal,central,PF-L,action,30.333333333333332
3,extra,temporal,primary,V1,object,5.833333333333333
3,extra,temporal,primary,V1,action,0.0
3,extra,temporal,secondary,TO,object,12.666666666666666
3,extra,temporal,secondary,TO,action,6.166666666666667
3,extra,temporal,central,AT,object,30.0
3,extra,temporal,central,AT,action,36.833333333333336
3,peri,frontal,primary,M1-i,object,11.333333333333334
3,peri,frontal,primary,M1-i,action,8.0
3,peri,frontal,secondary,PM-i,object,17.5
3,peri,frontal,secondary,PM-i,action,11.833333333333334
3,peri,frontal,central,PF-i,object,35.333333333333336
3,peri,frontal,central,PF-i,action,31.0
3,peri,temporal,primary,A1,object,7.833333333333333
3,peri,temporal,primary,A1,action,9.166666666666666
3,peri,temporal,secondary,AB,object,13.333333333333334
3,peri,temporal,secondary,AB,action,12.666666666666666
3,peri,temporal,central,PB,object,34.0
3,peri,temporal,central,PB,action,32.833333333333336
4,extra,frontal,primary,M1-L,object,0.0
4,extra,frontal,primary,M1-L,action,5.333333333333333
4,extra,frontal,secondary,PM-L,object,6.166666666666667
4,extra,frontal,secondary,PM-L,action,11.833333333333334
4,extra,frontal,central,PF-L,object,37.0
4,extra,frontal,central,PF-L,action,29.0
4,extra,temporal,primary,V1,object,5.5
4,extra,temporal,primary,V1,action,0.0
4,extra,temporal,secondary,TO,object,8.833333333333334
4,extra,temporal,secondary,TO,action,6.166666666666667
4,extra,temporal,central,AT,object,31.333333333333332
4,extra,temporal,central,AT,action,33.666666666666664
4,peri,frontal,primary,M1-i,object,9.166666666666666
4,peri,frontal,primary,M1-i,action,8.166666666666666
4,peri,frontal,secondary,PM-i,object,14.0
4,peri,frontal,secondary,PM-i,action,12.166666666666666
4,peri,frontal,central,PF-i,object,30.833333333333332
4,peri,frontal,central,PF-i,action,30.666666666666668
4,peri,temporal,primary,A1,object,9.333333333333334
4,peri,temporal,primary,A1,action,10.5
4,peri,temporal,secondary,AB,object,14.5
4,peri,temporal,secondary,AB,action,13.833333333333334
4,peri,temporal,central,PB,object,31.833333333333332
4,peri,temporal,central,PB,action,28.333333333333332
5,extra,frontal,primary,M1-L,object,0.0
5,extra,frontal,primary,M1-L,action,7.666666666666667
5,extra,frontal,secondary,PM-L,object,4.333333333333333
5,extra,frontal,secondary,PM-L,action,13.833333333333334
5,extra,frontal,central,PF-L,object,34.833333333333336
5,extra,frontal,central,PF-L,action,28.166666666666668
5,extra,temporal,primary,V1,object,6.0
5,extra,temporal,primary,V1,action,0.0
5,extra,temporal,secondary,TO,object,9.666666666666666
5,extra,temporal,secondary,TO,action,4.166666666666667
5,extra,temporal,central,AT,object,29.666666666666668
5,extra,temporal,central,AT,action,30.0
5,peri,frontal,primary,M1-i,object,9.0
5,peri,frontal,primary,M1-i,action,9.5
5,peri,frontal,secondary,PM-i,object,13.0
5,peri,frontal,secondary,PM-i,action,9.333333333333334
5,peri,frontal,central,PF-i,object,29.333333333333332
5,peri,frontal,central,PF-i,action,26.333333333333332
5,peri,temporal,primary,A1,object,10.0
5,peri,temporal,primary,A1,action,11.333333333333334
5,peri,temporal,secondary,AB,object,12.666666666666666
5,peri,temporal,secondary,AB,action,16.0
5,peri,temporal,central,PB,object,30.833333333333332
5,peri,temporal,central,PB,action,29.833333333333332
6,extra,frontal,primary,M1-L,object,0.0
6,extra,frontal,primary,M1-L,action,7.5
6,extra,frontal,secondary,PM-L,object,4.666666666666667
6,extra,frontal,secondary,PM-L,action,14.666666666666666
6,extra,frontal,central,PF-L,object,34.833333333333336
6,extra,frontal,central,PF-L,action,29.333333333333332
6,extra,temporal,primary,V1,object,5.833333333333333
6,extra,temporal,primary,V1,action,0.0
6,extra,temporal,secondary,TO,object,12.666666666666666
6,extra,temporal,secondary,TO,action,4.666666666666667
6,extra,temporal,central,AT,object,28.333333333333332
6,extra,temporal,central,AT,action,31.833333333333332
6,peri,frontal,primary,M1-i,object,10.333333333333334
6,peri,frontal,primary,M1-i,action,10.0
6,peri,frontal,secondary,PM-i,object,12.833333333333334
6,peri,frontal,secondary,PM-i,action,12.166666666666666
6,peri,frontal,central,PF-i,object,32.0
6,peri,frontal,central,PF-i,action,27.5
6,peri,temporal,primary,A1,object,9.333333333333334
6,peri,temporal,primary,A1,action,9.166666666666666
6,peri,temporal,secondary,AB,object,14.833333333333334
6,peri,temporal,secondary,AB,action,11.333333333333334
6,peri,temporal,central,PB,object,32.5
6,peri,temporal,central,PB,action,31.0
7,extra,frontal,primary,M1-L,object,0.0
7,extra,frontal,primary,M1-L,action,7.333333333333333
7,extra,frontal,secondary,PM-L,object,6.666666666666667
7,extra,frontal,secondary,PM-L,action,13.833333333333334
7,extra,frontal,central,PF-L,object,27.833333333333332
7,extra,frontal,central,PF-L,action,30.333333333333332
7,extra,temporal,primary,V1,object,5.333333333333333
7,extra,temporal,primary,V1,action,0.0
7,extra,temporal,secondary,TO,object,11.833333333333334
7,extra,temporal,secondary,TO,action,6.166666666666667
7,extra,temporal,central,AT,object,26.666666666666668
7,extra,temporal,central,AT,action,33.333333333333336
7,peri,frontal,primary,M1-i,object,10.0
7,peri,frontal,primary,M1-i,action,9.166666666666666
7,peri,frontal,secondary,PM-i,object,11.833333333333334
7,peri,frontal,secondary,PM-i,action,13.166666666666666
7,peri,frontal,central,PF-i,object,26.0
7,peri,frontal,central,PF-i,action,27.166666666666668
7,peri,temporal,primary,A1,object,9.666666666666666
7,peri,temporal,primary,A1,action,9.5
7,peri,temporal,secondary,AB,object,10.166666666666666
7,peri,temporal,secondary,AB,action,10.666666666666666
7,peri,temporal,central,PB,object,25.0
7,peri,temporal,central,PB,action,29.0
8,extra,frontal,primary,M1-L,object,0.0
8,extra,frontal,primary,M1-L,action,6.166666666666667
8,extra,frontal,secondary,PM-L,object,6.166666666666667
8,extra,frontal,secondary,PM-L,action,13.166666666666666
8,extra,frontal,central,PF-L,object,34.833333333333336
8,extra,frontal,central,PF-L,action,31.833333333333332
8,extra,temporal,primary,V1,object,8.166666666666666
8,extra,temporal,primary,V1,action,0.0
8,extra,temporal,secondary,TO,object,15.666666666666666
8,extra,temporal,secondary,TO,action,5.833333333333333
8,extra,temporal,central,AT,object,30.166666666666668
8,extra,temporal,central,AT,action,33.0
8,peri,frontal,primary,M1-i,object,10.666666666666666
8,peri,frontal,primary,M1-i,action,8.666666666666666
8,peri,frontal,secondary,PM-i,object,14.333333333333334
8,peri,frontal,secondary,PM-i,action,9.5
8,peri,frontal,central,PF-i,object,32.166666666666664
8,peri,frontal,central,PF-i,action,29.166666666666668
8,peri,temporal,primary,A1,object,7.166666666666667
8,peri,temporal,primary,A1,action,7.666666666666667
8,peri,temporal,secondary,AB,object,9.666666666666666
8,peri,temporal,secondary,AB,action,11.166666666666666
8,peri,temporal,central,PB,object,31.5
8,peri,temporal,central,PB,action,27.333333333333332
9,extra,frontal,primary,M1-L,object,0.0
9,extra,frontal,primary,M1-L,action,5.666666666666667
9,extra,frontal,secondary,PM-L,object,7.166666666666667
9,extra,frontal,secondary,PM-L,action,11.0
9,extra,frontal,central,PF-L,object,38.0
9,extra,frontal,central,PF-L,action,25.166666666666668
9,extra,temporal,primary,V1,object,5.666666666666667
9,extra,temporal,primary,V1,action,0.0
9,extra,temporal,secondary,TO,object,10.666666666666666
9,extra,temporal,secondary,TO,action,4.5
9,extra,temporal,central,AT,object,34.5
9,extra,temporal,central,AT,action,31.5
9,peri,frontal,primary,M1-i,object,9.0
9,peri,frontal,primary,M1-i,action,9.166666666666666
9,peri,frontal,secondary,PM-i,object,12.333333333333334
9,peri,frontal,secondary,PM-i,action,10.333333333333334
9,peri,frontal,central,PF-i,object,35.0
9,peri,frontal,central,PF-i,action,26.333333333333332
9,peri,temporal,primary,A1,object,8.833333333333334
9,peri,temporal,primary,A1,action,9.333333333333334
9,peri,temporal,secondary,AB,object,9.833333333333334
9,peri,temporal,secondary,AB,action,13.333333333333334
9,peri,temporal,central,PB,object,32.333333333333336
9,peri,temporal,central,PB,action,26.666666666666668
10,extra,frontal,primary,M1-L,object,0.0
10,extra,frontal,primary,M1-L,action,4.833333333333333
10,extra,frontal,secondary,PM-L,object,4.166666666666667
10,extra,frontal,secondary,PM-L,action,11.0
10,extra,frontal,central,PF-L,object,29.666666666666668
10,extra,frontal,central,PF-L,action,28.333333333333332
10,extra,temporal,primary,V1,object,5.0
10,extra,temporal,primary,V1,action,0.0
10,extra,temporal,secondary,TO,object,9.666666666666666
10,extra,temporal,secondary,TO,action,6.5
10,extra,temporal,central,AT,object,27.333333333333332
10,extra,temporal,central,AT,action,36.333333333333336
10,peri,frontal,primary,M1-i,object,8.0
10,peri,frontal,primary,M1-i,action,10.166666666666666
10,peri,frontal,secondary,PM-i,object,11.0
10,peri,frontal,secondary,PM-i,action,11.333333333333334
10,peri,frontal,central,PF-i,object,29.166666666666668
10,peri,frontal,central,PF-i,action,29.833333333333332
10,peri,temporal,primary,A1,object,9.166666666666666
10,peri,temporal,primary,A1,action,10.666666666666666
10,peri,temporal,secondary,AB,object,8.333333333333334
10,peri,temporal,secondary,AB,action,14.833333333333334
10,peri,temporal,central,PB,object,26.166666666666668
10,peri,temporal,central,PB,action,31.166666666666668
11,extra,frontal,primary,M1-L,object,0.0
11,extra,frontal,primary,M1-L,action,6.333333333333333
11,extra,frontal,secondary,PM-L,object,3.5
11,extra,frontal,secondary,PM-L,action,12.5
11,extra,frontal,central,PF-L,object,29.0
11,extra,frontal,central,PF-L,action,28.833333333333332
11,extra,temporal,primary,V1,object,5.333333333333333
11,extra,temporal,primary,V1,action,0.0
11,extra,temporal,secondary,TO,object,9.833333333333334
11,extra,temporal,secondary,TO,action,5.0
11,extra,temporal,central,AT,object,25.5
11,extra,temporal,central,AT,action,31.166666666666668
11,peri,frontal,primary,M1-i,object,8.333333333333334
11,peri,frontal,primary,M1-i,action,9.166666666666666
11,peri,frontal,secondary,PM-i,object,8.5
11,peri,frontal,secondary,PM-i,action,12.833333333333334
11,peri,frontal,central,PF-i,object,24.0
11,peri,frontal,central,PF-i,action,28.5
11,peri,temporal,primary,A1,object,8.0
11,peri,temporal,primary,A1,action,10.833333333333334
11,peri,temporal,secondary,AB,object,8.833333333333334
11,peri,temporal,secondary,AB,action,13.5
11,peri,temporal,central,PB,object,25.666666666666668
11,peri,temporal,central,PB,action,28.666666666666668
12,extra,frontal,primary,M1-L,object,0.0
12,extra,frontal,primary,M1-L,action,4.833333333333333
12,extra,frontal,secondary,PM-L,object,4.333333333333333
12,extra,frontal,secondary,PM-L,action,11.166666666666666
12,extra,frontal,central,PF-L,object,31.5
12,extra,frontal,central,PF-L,action,30.833333333333332
12,extra,temporal,primary,V1,object,6.666666666666667
12,extra,temporal,primary,V1,action,0.0
12,extra,temporal,secondary,TO,object,11.666666666666666
12,extra,temporal,secondary,TO,action,4.166666666666667
12,extra,temporal,central,AT,object,28.333333333333332
12,extra,temporal,central,AT,action,36.166666666666664
12,peri,frontal,primary,M1-i,object,9.0
12,peri,frontal,primary,M1-i,action,9.333333333333334
12,peri,frontal,secondary,PM-i,object,10.333333333333334
12,peri,frontal,secondary,PM-i,action,12.833333333333334
12,peri,frontal,central,PF-i,object,26.666666666666668
12,peri,frontal,central,PF-i,action,29.333333333333332
12,peri,temporal,primary,A1,object,8.833333333333334
12,peri,temporal,primary,A1,action,8.0
12,peri,temporal,secondary,AB,object,8.833333333333334
12,peri,temporal,secondary,AB,action,10.666666666666666
12,peri,temporal,central,PB,object,28.333333333333332
12,peri,temporal,central,PB,action,34.0
