net_num,ExtraPeri,WordType,SDType,Severity,activation
0,extra,object,GM,no,77.5
0,extra,object,GM,30%,65.66666666666667
0,extra,object,GM,60%,57.0
0,extra,object,GM,90%,40.833333333333336
0,extra,object,WM,no,77.5
0,extra,object,WM,30%,68.83333333333334
0,extra,object,WM,60%,50.00000000000001
0,extra,object,WM,90%,36.0
0,extra,action,GM,no,102.5
0,extra,action,GM,30%,94.83333333333334
0,extra,action,GM,60%,86.16666666666666
0,extra,action,GM,90%,76.33333333333333
0,extra,action,WM,no,102.5
0,extra,action,WM,30%,95.83333333333334
0,extra,action,WM,60%,77.0
0,extra,action,WM,90%,51.0
0,peri,object,GM,no,110.66666666666666
0,peri,object,GM,30%,109.16666666666666
0,peri,object,GM,60%,105.66666666666667
0,peri,object,GM,90%,102.16666666666666
0,peri,object,WM,no,110.66666666666666
0,peri,object,WM,30%,108.66666666666667
0,peri,object,WM,60%,103.33333333333334
0,peri,object,WM,90%,99.66666666666667
0,peri,action,GM,no,121.5
0,peri,action,GM,30%,120.5
0,peri,action,GM,60%,117.16666666666666
0,peri,action,GM,90%,115.16666666666666
0,peri,action,WM,no,121.5
0,peri,action,WM,30%,119.33333333333333
0,peri,action,WM,60%,115.16666666666666
0,peri,action,WM,90%,110.33333333333331
1,extra,object,GM,no,72.16666666666666
1,extra,object,GM,30%,62.5
1,extra,object,GM,60%,53.666666666666664
1,extra,object,GM,90%,38.666666666666664
1,extra,object,WM,no,72.16666666666666
1,extra,object,WM,30%,60.33333333333333
1,extra,object,WM,60%,49.5
1,extra,object,WM,90%,31.666666666666668
1,extra,action,GM,no,94.0
1,extra,action,GM,30%,85.16666666666667
1,extra,action,GM,60%,72.16666666666667
1,extra,action,GM,90%,58.666666666666664
1,extra,action,WM,no,94.0
1,extra,action,WM,30%,83.83333333333333
1,extra,action,WM,60%,65.5
1,extra,action,WM,90%,48.5
1,peri,object,GM,no,84.0
1,peri,object,GM,30%,83.0
1,peri,object,GM,60%,81.83333333333333
1,peri,object,GM,90%,77.66666666666667
1,peri,object,WM,no,84.0
1,peri,object,WM,30%,81.66666666666666
1,peri,object,WM,60%,80.16666666666666
1,peri,object,WM,90%,77.66666666666666
1,peri,action,GM,no,104.66666666666667
1,peri,action,GM,30%,103.5
1,peri,action,GM,60%,101.66666666666666
1,peri,action,GM,90%,99.66666666666667
1,peri,action,WM,no,104.66666666666667
1,peri,action,WM,30%,102.83333333333334
1,peri,action,WM,60%,99.66666666666667
1,peri,action,WM,90%,97.33333333333333
2,extra,object,GM,no,75.33333333333333
2,extra,object,GM,30%,72.0
2,extra,object,GM,60%,53.66666666666667
2,extra,object,GM,90%,41.16666666666667
2,extra,object,WM,no,75.33333333333333
2,extra,object,WM,30%,68.66666666666666
2,extra,object,WM,60%,51.16666666666667
2,extra,object,WM,90%,28.5
2,extra,action,GM,no,83.16666666666666
2,extra,action,GM,30%,72.5
2,extra,action,GM,60%,61.83333333333333
2,extra,action,GM,90%,46.0
2,extra,action,WM,no,83.16666666666666
2,extra,action,WM,30%,74.33333333333333
2,extra,action,WM,60%,55.5
2,extra,action,WM,90%,37.333333333333336
2,peri,object,GM,no,89.33333333333334
2,peri,object,GM,30%,88.0
2,peri,object,GM,60%,82.66666666666667
2,peri,object,GM,90%,78.16666666666666
2,peri,object,WM,no,89.33333333333334
2,peri,object,WM,30%,85.33333333333333
2,peri,object,WM,60%,79.83333333333334
2,peri,object,WM,90%,76.33333333333334
2,peri,action,GM,no,97.83333333333333
2,peri,action,GM,30%,96.16666666666667
2,peri,action,GM,60%,92.83333333333334
2,peri,action,GM,90%,86.83333333333333
2,peri,action,WM,no,97.83333333333333
2,peri,action,WM,30%,94.83333333333333
2,peri,action,WM,60%,88.83333333333333
2,peri,action,WM,90%,84.0
3,extra,object,GM,no,95.16666666666667
3,extra,object,GM,30%,84.33333333333334
3,extra,object,GM,60%,69.16666666666667
3,extra,object,GM,90%,48.666666666666664
3,extra,object,WM,no,95.16666666666667
3,extra,object,WM,30%,82.33333333333333
3,extra,object,WM,60%,61.99999999999999
3,extra,object,WM,90%,41.833333333333336
3,extra,action,GM,no,96.33333333333333
3,extra,action,GM,30%,84.66666666666666
3,extra,action,GM,60%,74.33333333333334
3,extra,action,GM,90%,62.33333333333333
3,extra,action,WM,no,96.33333333333333
3,extra,action,WM,30%,85.16666666666666
3,extra,action,WM,60%,68.66666666666667
3,extra,action,WM,90%,49.66666666666666
3,peri,object,GM,no,119.83333333333331
3,peri,object,GM,30%,117.5
3,peri,object,GM,60%,117.16666666666666
3,peri,object,GM,90%,114.66666666666666
3,peri,object,WM,no,119.83333333333331
3,peri,object,WM,30%,118.33333333333334
3,peri,object,WM,60%,115.33333333333334
3,peri,object,WM,90%,113.83333333333334
3,peri,action,GM,no,110.5
3,peri,action,GM,30%,106.33333333333334
3,peri,action,GM,60%,105.0
3,peri,action,GM,90%,99.83333333333333
3,peri,action,WM,no,110.5
3,peri,action,WM,30%,105.83333333333333
3,peri,action,WM,60%,101.33333333333333
3,peri,action,WM,90%,97.66666666666667
4,extra,object,GM,no,84.66666666666667
4,extra,object,GM,30%,74.66666666666667
4,extra,object,GM,60%,66.5
4,extra,object,GM,90%,48.33333333333333
4,extra,object,WM,no,84.66666666666667
4,extra,object,WM,30%,75.83333333333333
4,extra,object,WM,60%,60.16666666666666
4,extra,object,WM,90%,37.333333333333336
4,extra,action,GM,no,86.66666666666667
4,extra,action,GM,30%,76.66666666666667
4,extra,action,GM,60%,66.33333333333333
4,extra,action,GM,90%,55.99999999999999
4,extra,action,WM,no,86.66666666666667
4,extra,action,WM,30%,75.66666666666667
4,extra,action,WM,60%,59.5
4,extra,action,WM,90%,43.833333333333336
4,peri,object,GM,no,111.66666666666666
4,peri,object,GM,30%,109.66666666666666
4,peri,object,GM,60%,109.33333333333333
4,peri,object,GM,90%,107.16666666666666
4,peri,object,WM,no,111.66666666666666
4,peri,object,WM,30%,109.49999999999999
4,peri,object,WM,60%,108.66666666666666
4,peri,object,WM,90%,105.66666666666667
4,peri,action,GM,no,105.50000000000001
4,peri,action,GM,30%,104.16666666666666
4,peri,action,GM,60%,101.5
4,peri,action,GM,90%,99.83333333333334
4,peri,action,WM,no,105.50000000000001
4,peri,action,WM,30%,103.16666666666667
4,peri,action,WM,60%,100.83333333333333
4,peri,action,WM,90%,98.00000000000001
5,extra,object,GM,no,84.33333333333334
5,extra,object,GM,30%,74.83333333333334
5,extra,object,GM,60%,54.00000000000001
5,extra,object,GM,90%,38.0
5,extra,object,WM,no,84.33333333333334
5,extra,object,WM,30%,71.0
5,extra,object,WM,60%,51.333333333333336
5,extra,object,WM,90%,33.833333333333336
5,extra,action,GM,no,83.83333333333333
5,extra,action,GM,30%,75.0
5,extra,action,GM,60%,65.0
5,extra,action,GM,90%,54.33333333333334
5,extra,action,WM,no,83.83333333333333
5,extra,action,WM,30%,74.33333333333333
5,extra,action,WM,60%,61.33333333333333
5,extra,action,WM,90%,49.16666666666667
5,peri,object,GM,no,107.33333333333333
5,peri,object,GM,30%,105.66666666666667
5,peri,object,GM,60%,100.5
5,peri,object,GM,90%,96.5
5,peri,object,WM,no,107.33333333333333
5,peri,object,WM,30%,105.5
5,peri,object,WM,60%,98.66666666666667
5,peri,object,WM,90%,94.33333333333333
5,peri,action,GM,no,101.16666666666667
5,peri,action,GM,30%,100.50000000000001
5,peri,action,GM,60%,97.99999999999999
5,peri,action,GM,90%,91.33333333333334
5,peri,action,WM,no,101.16666666666667
5,peri,action,WM,30%,98.66666666666667
5,peri,action,WM,60%,94.66666666666667
5,peri,action,WM,90%,89.5
6,extra,object,GM,no,85.66666666666666
6,extra,object,GM,30%,72.66666666666666
6,extra,object,GM,60%,63.0
6,extra,object,GM,90%,43.833333333333336
6,extra,object,WM,no,85.66666666666666
6,extra,object,WM,30%,72.83333333333334
6,extra,object,WM,60%,53.833333333333336
6,extra,object,WM,90%,36.0
6,extra,action,GM,no,86.5
6,extra,action,GM,30%,75.5
6,extra,action,GM,60%,63.833333333333336
6,extra,action,GM,90%,58.833333333333336
6,extra,action,WM,no,86.5
6,extra,action,WM,30%,77.83333333333333
6,extra,action,WM,60%,63.66666666666666
6,extra,action,WM,90%,50.333333333333336
6,peri,object,GM,no,115.16666666666667
6,peri,object,GM,30%,113.16666666666666
6,peri,object,GM,60%,110.66666666666667
6,peri,object,GM,90%,106.33333333333333
6,peri,object,WM,no,115.16666666666667
6,peri,object,WM,30%,113.49999999999999
6,peri,object,WM,60%,107.83333333333333
6,peri,object,WM,90%,106.16666666666666
6,peri,action,GM,no,100.66666666666666
6,peri,action,GM,30%,97.66666666666667
6,peri,action,GM,60%,94.33333333333333
6,peri,action,GM,90%,93.66666666666667
6,peri,action,WM,no,100.66666666666666
6,peri,action,WM,30%,97.33333333333334
6,peri,action,WM,60%,93.83333333333334
6,peri,action,WM,90%,89.66666666666667
7,extra,object,GM,no,71.16666666666667
7,extra,object,GM,30%,62.33333333333333
7,extra,object,GM,60%,52.49999999999999
7,extra,object,GM,90%,35.66666666666667
7,extra,object,WM,no,71.16666666666667
7,extra,object,WM,30%,62.83333333333333
7,extra,object,WM,60%,51.33333333333333
7,extra,object,WM,90%,28.499999999999996
7,extra,action,GM,no,91.83333333333333
7,extra,action,GM,30%,84.83333333333333
7,extra,action,GM,60%,70.83333333333333
7,extra,action,GM,90%,56.16666666666667
7,extra,action,WM,no,91.83333333333333
7,extra,action,WM,30%,79.33333333333334
7,extra,action,WM,60%,63.83333333333333
7,extra,action,WM,90%,49.66666666666666
7,peri,object,GM,no,87.16666666666667
7,peri,object,GM,30%,84.83333333333333
7,peri,object,GM,60%,81.66666666666667
7,peri,object,GM,90%,78.0
7,peri,object,WM,no,87.16666666666667
7,peri,object,WM,30%,82.83333333333333
7,peri,object,WM,60%,80.16666666666667
7,peri,object,WM,90%,77.16666666666667
7,peri,action,GM,no,101.83333333333334
7,peri,action,GM,30%,100.5
7,peri,action,GM,60%,96.5
7,peri,action,GM,90%,94.83333333333333
7,peri,action,WM,no,101.83333333333334
7,peri,action,WM,30%,97.66666666666667
7,peri,action,WM,60%,95.0
7,peri,action,WM,90%,93.16666666666667
8,extra,object,GM,no,90.33333333333333
8,extra,object,GM,30%,82.83333333333334
8,extra,object,GM,60%,64.66666666666667
8,extra,object,GM,90%,47.5
8,extra,object,WM,no,90.33333333333333
8,extra,object,WM,30%,75.33333333333333
8,extra,object,WM,60%,57.99999999999999
8,extra,object,WM,90%,34.66666666666667
8,extra,action,GM,no,90.0
8,extra,action,GM,30%,80.0
8,extra,action,GM,60%,68.16666666666667
8,extra,action,GM,90%,54.00000000000001
8,extra,action,WM,no,90.0
8,extra,action,WM,30%,79.16666666666666
8,extra,action,WM,60%,61.49999999999999
8,extra,action,WM,90%,45.166666666666664
8,peri,object,GM,no,107.66666666666667
8,peri,object,GM,30%,106.83333333333334
8,peri,object,GM,60%,104.33333333333333
8,peri,object,GM,90%,102.33333333333333
8,peri,object,WM,no,107.66666666666667
8,peri,object,WM,30%,104.83333333333333
8,peri,object,WM,60%,101.33333333333333
8,peri,object,WM,90%,100.16666666666667
8,peri,action,GM,no,96.33333333333334
8,peri,action,GM,30%,94.83333333333333
8,peri,action,GM,60%,91.0
8,peri,action,GM,90%,86.16666666666666
8,peri,action,WM,no,96.33333333333334
8,peri,action,WM,30%,93.16666666666667
8,peri,action,WM,60%,88.0
8,peri,action,WM,90%,83.33333333333334
9,extra,object,GM,no,90.33333333333334
9,extra,object,GM,30%,82.83333333333334
9,extra,object,GM,60%,65.16666666666666
9,extra,object,GM,90%,53.333333333333336
9,extra,object,WM,no,90.33333333333334
9,extra,object,WM,30%,77.0
9,extra,object,WM,60%,57.83333333333333
9,extra,object,WM,90%,36.50000000000001
9,extra,action,GM,no,79.33333333333334
9,extra,action,GM,30%,69.66666666666666
9,extra,action,GM,60%,56.0
9,extra,action,GM,90%,43.5
9,extra,action,WM,no,79.33333333333334
9,extra,action,WM,30%,67.0
9,extra,action,WM,60%,51.66666666666667
9,extra,action,WM,90%,39.166666666666664
9,peri,object,GM,no,103.5
9,peri,object,GM,30%,102.66666666666667
9,peri,object,GM,60%,101.00000000000001
9,peri,object,GM,90%,99.33333333333333
9,peri,object,WM,no,103.5
9,peri,object,WM,30%,101.16666666666667
9,peri,object,WM,60%,97.0
9,peri,object,WM,90%,94.5
9,peri,action,GM,no,95.83333333333333
9,peri,action,GM,30%,92.16666666666667
9,peri,action,GM,60%,89.33333333333333
9,peri,action,GM,90%,84.5
9,peri,action,WM,no,95.83333333333333
9,peri,action,WM,30%,90.83333333333334
9,peri,action,WM,60%,85.5
9,peri,action,WM,90%,84.16666666666667
10,extra,object,GM,no,72.33333333333334
10,extra,object,GM,30%,58.66666666666667
10,extra,object,GM,60%,46.5
10,extra,object,GM,90%,31.833333333333336
10,extra,object,WM,no,72.33333333333334
10,extra,object,WM,30%,57.33333333333333
10,extra,object,WM,60%,39.666666666666664
10,extra,object,WM,90%,27.333333333333336
10,extra,action,GM,no,88.16666666666666
10,extra,action,GM,30%,78.5
10,extra,action,GM,60%,64.83333333333334
10,extra,action,GM,90%,54.33333333333334
10,extra,action,WM,no,88.16666666666666
10,extra,action,WM,30%,78.66666666666666
10,extra,action,WM,60%,56.333333333333336
10,extra,action,WM,90%,43.0
10,peri,object,GM,no,89.16666666666666
10,peri,object,GM,30%,84.83333333333333
10,peri,object,GM,60%,81.66666666666667
10,peri,object,GM,90%,77.16666666666666
10,peri,object,WM,no,89.16666666666666
10,peri,object,WM,30%,83.16666666666666
10,peri,object,WM,60%,78.5
10,peri,object,WM,90%,74.83333333333333
10,peri,action,GM,no,110.5
10,peri,action,GM,30%,109.16666666666667
10,peri,action,GM,60%,106.83333333333334
10,peri,action,GM,90%,104.83333333333333
10,peri,action,WM,no,110.5
10,peri,action,WM,30%,107.33333333333333
10,peri,action,WM,60%,102.83333333333333
10,peri,action,WM,90%,101.33333333333333
11,extra,object,GM,no,66.83333333333333
11,extra,object,GM,30%,58.0
11,extra,object,GM,60%,37.833333333333336
11,extra,object,GM,90%,31.999999999999996
11,extra,object,WM,no,66.83333333333333
11,extra,object,WM,30%,52.33333333333334
11,extra,object,WM,60%,37.5
11,extra,object,WM,90%,21.666666666666664
11,extra,action,GM,no,83.33333333333333
11,extra,action,GM,30%,74.0
11,extra,action,GM,60%,64.66666666666667
11,extra,action,GM,90%,51.5
11,extra,action,WM,no,83.33333333333333
11,extra,action,WM,30%,75.16666666666667
11,extra,action,WM,60%,60.833333333333336
11,extra,action,WM,90%,46.333333333333336
11,peri,object,GM,no,80.0
11,peri,object,GM,30%,78.5
11,peri,object,GM,60%,73.16666666666667
11,peri,object,GM,90%,73.0
11,peri,object,WM,no,80.0
11,peri,object,WM,30%,75.83333333333334
11,peri,object,WM,60%,72.33333333333333
11,peri,object,WM,90%,70.83333333333333
11,peri,action,GM,no,104.33333333333334
11,peri,action,GM,30%,102.66666666666667
11,peri,action,GM,60%,101.66666666666667
11,peri,action,GM,90%,97.83333333333333
11,peri,action,WM,no,104.33333333333334
11,peri,action,WM,30%,103.0
11,peri,action,WM,60%,99.0
11,peri,action,WM,90%,97.33333333333333
12,extra,object,GM,no,80.33333333333333
12,extra,object,GM,30%,71.16666666666666
12,extra,object,GM,60%,56.5
12,extra,object,GM,90%,41.5
12,extra,object,WM,no,80.33333333333333
12,extra,object,WM,30%,69.16666666666667
12,extra,object,WM,60%,51.166666666666664
12,extra,object,WM,90%,29.666666666666664
12,extra,action,GM,no,88.5
12,extra,action,GM,30%,77.33333333333333
12,extra,action,GM,60%,66.66666666666667
12,extra,action,GM,90%,50.333333333333336
12,extra,action,WM,no,88.5
12,extra,action,WM,30%,79.5
12,extra,action,WM,60%,62.33333333333333
12,extra,action,WM,90%,40.833333333333336
12,peri,object,GM,no,91.5
12,peri,object,GM,30%,89.16666666666667
12,peri,object,GM,60%,86.83333333333333
12,peri,object,GM,90%,83.83333333333333
12,peri,object,WM,no,91.5
12,peri,object,WM,30%,89.0
12,peri,object,WM,60%,83.83333333333333
12,peri,object,WM,90%,81.83333333333334
12,peri,action,GM,no,106.5
12,peri,action,GM,30%,103.33333333333333
12,peri,action,GM,60%,102.66666666666666
12,peri,action,GM,90%,100.5
12,peri,action,WM,no,106.5
12,peri,action,WM,30%,104.16666666666666
12,peri,action,WM,60%,101.16666666666666
12,peri,action,WM,90%,99.16666666666666
